{
    "ROUTING_REQUEST": [
        {
            "header": {
                "timestamp_sec": 1679373059.7589328,
                "module_name": "routing routing...",
                "sequence_num": 0
            },
            "waypoint": [
                {
                    "id": "lane_10",
                    "s": 16.098162978037706,
                    "pose": {
                        "x": 587018.3435897827,
                        "y": 4141578.7627563477
                    }
                },
                {
                    "id": "lane_12",
                    "s": 34.8550086942506,
                    "pose": {
                        "x": 587037.8841552734,
                        "y": 4141579.5421562195
                    }
                }
            ]
        }
    ]
}